,PCON11CD,con_name,leave_vote
0,E14000530,Aldershot,0.578977657413676
1,E14000531,Aldridge-Brownhills,0.67796349579389
2,E14000532,Altrincham and Sale West,0.385877999914744
3,E14000533,Amber Valley,0.652991247220428
4,E14000534,Arundel and South Downs,0.497011058058741
5,E14000535,Ashfield,0.704728888353434
6,E14000536,Ashford,0.598619474446084
7,E14000537,Ashton-under-Lyne,0.618098025511096
8,E14000538,Aylesbury,0.517879098444241
9,E14000539,Banbury,0.50347797741867
10,E14000540,Barking,0.599748795647368
11,E14000541,Barnsley Central,0.681881304429631
12,E14000542,Barnsley East,0.709849934756095
13,E14000543,Barrow and Furness,0.572787064455306
14,E14000544,Basildon and Billericay,0.671358773069088
15,E14000545,Basingstoke,0.535987819676718
16,E14000546,Bassetlaw,0.683227549503903
17,E14000547,Bath,0.317245489227685
18,E14000548,Batley and Spen,0.596283976312248
19,E14000549,Battersea,0.220467405469093
20,E14000550,Beaconsfield,0.490062673279962
21,E14000551,Beckenham,0.483817049080687
22,E14000552,Bedford,0.519491665291302
23,E14000553,Bermondsey and Old Southwark,0.260503272772393
24,E14000554,Berwick-upon-Tweed,0.552978153983881
25,E14000555,Bethnal Green and Bow,0.308583951641544
26,E14000556,Beverley and Holderness,0.587394755647635
27,E14000557,Bexhill and Battle,0.577212146139436
28,E14000558,Bexleyheath and Crayford,0.652551374523064
29,E14000559,Birkenhead,0.517076065029073
30,E14000560,"Birmingham, Edgbaston",0.473470704835661
31,E14000561,"Birmingham, Erdington",0.62972891717192
32,E14000562,"Birmingham, Hall Green",0.33568750906116
33,E14000563,"Birmingham, Hodge Hill",0.514841672709693
34,E14000564,"Birmingham, Ladywood",0.356226715581719
35,E14000565,"Birmingham, Northfield",0.617882451021259
36,E14000566,"Birmingham, Perry Barr",0.51217317056285
37,E14000567,"Birmingham, Selly Oak",0.469074313341391
38,E14000568,"Birmingham, Yardley",0.600948076287069
39,E14000569,Bishop Auckland,0.608859751465102
40,E14000570,Blackburn,0.537292572544148
41,E14000571,Blackley and Broughton,0.500392037904901
42,E14000572,Blackpool North and Cleveleys,0.669103424385179
43,E14000573,Blackpool South,0.678141245747718
44,E14000574,Blaydon,0.561246243397402
45,E14000575,Blyth Valley,0.604948532565342
46,E14000576,Bognor Regis and Littlehampton,0.647923049661772
47,E14000577,Bolsover,0.703942463965365
48,E14000578,Bolton North East,0.581127596748481
49,E14000579,Bolton South East,0.630276742999207
50,E14000580,Bolton West,0.555540265400737
51,E14000581,Bootle,0.547996745426154
52,E14000582,Boston and Skegness,0.756498714134939
53,E14000583,Bosworth,0.608293638567642
54,E14000584,Bournemouth East,0.536906946110663
55,E14000585,Bournemouth West,0.5773176661062
56,E14000586,Bracknell,0.532448745964191
57,E14000587,Bradford East,0.551578293388134
58,E14000588,Bradford South,0.635612177506977
59,E14000589,Bradford West,0.467408544384753
60,E14000590,Braintree,0.61515640156101
61,E14000591,Brent Central,0.428875882585778
62,E14000592,Brent North,0.426117510525994
63,E14000593,Brentford and Isleworth,0.433089031529057
64,E14000594,Brentwood and Ongar,0.611892869042004
65,E14000595,Bridgwater and West Somerset,0.620639832181004
66,E14000596,Brigg and Goole,0.662269169347874
67,E14000597,"Brighton, Kemptown",0.435923133996866
68,E14000598,"Brighton, Pavilion",0.259335500993698
69,E14000599,Bristol East,0.467952718328989
70,E14000600,Bristol North West,0.388528119886315
71,E14000601,Bristol South,0.479528378872724
72,E14000602,Bristol West,0.207115084346202
73,E14000603,Broadland,0.541008480077964
74,E14000604,Bromley and Chislehurst,0.498288693437338
75,E14000605,Bromsgrove,0.553651279435518
76,E14000606,Broxbourne,0.65534773176526
77,E14000607,Broxtowe,0.525137018969478
78,E14000608,Buckingham,0.48870867222963
79,E14000609,Burnley,0.666127989657401
80,E14000610,Burton,0.647931574793824
81,E14000611,Bury North,0.53667031239389
82,E14000612,Bury South,0.545117526261211
83,E14000613,Bury St Edmunds,0.539924714376779
84,E14000614,Calder Valley,0.53164213064371
85,E14000615,Camberwell and Peckham,0.314817703206825
86,E14000616,Camborne and Redruth,0.5841285279417
87,E14000617,Cambridge,0.26225273103041
88,E14000618,Cannock Chase,0.68860353130016
89,E14000619,Canterbury,0.453274048215643
90,E14000620,Carlisle,0.606437745989243
91,E14000621,Carshalton and Wallington,0.562612140402388
92,E14000622,Castle Point,0.726993924197126
93,E14000623,Central Devon,0.508869519064052
94,E14000624,Central Suffolk and North Ipswich,0.548911911467438
95,E14000625,Charnwood,0.5787467180145
96,E14000626,Chatham and Aylesford,0.639053918121229
97,E14000627,Cheadle,0.426530326376243
98,E14000628,Chelmsford,0.506832006326103
99,E14000629,Chelsea and Fulham,0.290990556379081
100,E14000630,Cheltenham,0.428989760644707
101,E14000631,Chesham and Amersham,0.449849839601392
102,E14000632,Chesterfield,0.592932532005272
103,E14000633,Chichester,0.50732770691974
104,E14000634,Chingford and Woodford Green,0.498804710340667
105,E14000635,Chippenham,0.515858181938484
106,E14000636,Chipping Barnet,0.410745779483936
107,E14000637,Chorley,0.567458510025319
108,E14000638,Christchurch,0.599639612024417
109,E14000639,Cities of London and Westminster,0.280536728493119
110,E14000640,City of Chester,0.422757086772847
111,E14000641,City of Durham,0.433367339592262
112,E14000642,Clacton,0.730439705014586
113,E14000643,Cleethorpes,0.695038210140426
114,E14000644,Colchester,0.515144818085021
115,E14000645,Colne Valley,0.500553491858818
116,E14000646,Congleton,0.526126911182168
117,E14000647,Copeland,0.591965837205902
118,E14000648,Corby,0.601468893361148
119,E14000649,Coventry North East,0.577745681840763
120,E14000650,Coventry North West,0.583743600432747
121,E14000651,Coventry South,0.503794928887362
122,E14000652,Crawley,0.584136714033621
123,E14000653,Crewe and Nantwich,0.602891232143191
124,E14000654,Croydon Central,0.503102406882035
125,E14000655,Croydon North,0.41168066041064
126,E14000656,Croydon South,0.458056749209959
127,E14000657,Dagenham and Rainham,0.703479568778088
128,E14000658,Darlington,0.580996502295666
129,E14000659,Dartford,0.639834538994238
130,E14000660,Daventry,0.585894934268442
131,E14000661,Denton and Reddish,0.609840281537629
132,E14000662,Derby North,0.542503795657409
133,E14000663,Derby South,0.613534511083512
134,E14000664,Derbyshire Dales,0.512354117740405
135,E14000665,Devizes,0.535341945317382
136,E14000666,Dewsbury,0.57146548523909
137,E14000667,Don Valley,0.684864371828464
138,E14000668,Doncaster Central,0.667048396912959
139,E14000669,Doncaster North,0.716506861470809
140,E14000670,Dover,0.63009612350766
141,E14000671,Dudley North,0.71430225556945
142,E14000672,Dudley South,0.70417318487163
143,E14000673,Dulwich and West Norwood,0.229374206747689
144,E14000674,Ealing Central and Acton,0.291502805885732
145,E14000675,Ealing North,0.462560921577315
146,E14000676,"Ealing, Southall",0.418263491228425
147,E14000677,Easington,0.659633748301556
148,E14000678,East Devon,0.50407666200856
149,E14000679,East Ham,0.462692812949849
150,E14000680,East Hampshire,0.492743694187969
151,E14000681,East Surrey,0.541993428020193
152,E14000682,East Worthing and Shoreham,0.536814482056809
153,E14000683,East Yorkshire,0.636621847372919
154,E14000684,Eastbourne,0.575444606384905
155,E14000685,Eastleigh,0.543458993410471
156,E14000686,Eddisbury,0.521666686385978
157,E14000687,Edmonton,0.455096171978126
158,E14000688,Ellesmere Port and Neston,0.583419780821595
159,E14000689,Elmet and Rothwell,0.567931010118453
160,E14000690,Eltham,0.518152651131375
161,E14000691,Enfield North,0.492154426167358
162,E14000692,"Enfield, Southgate",0.378848158628173
163,E14000693,Epping Forest,0.610112858388672
164,E14000694,Epsom and Ewell,0.47780757064444
165,E14000695,Erewash,0.632237911774067
166,E14000696,Erith and Thamesmead,0.546308785338905
167,E14000697,Esher and Walton,0.415663302368968
168,E14000698,Exeter,0.448278936279609
169,E14000699,Fareham,0.555201072698192
170,E14000700,Faversham and Mid Kent,0.586704550418438
171,E14000701,Feltham and Heston,0.559320053741457
172,E14000702,Filton and Bradley Stoke,0.487730338714078
173,E14000703,Finchley and Golders Green,0.311007869147098
174,E14000704,Folkestone and Hythe,0.616404102052163
175,E14000705,Forest of Dean,0.578888968287228
176,E14000706,Fylde,0.567286429744758
177,E14000707,Gainsborough,0.619558241702971
178,E14000708,Garston and Halewood,0.479628136527662
179,E14000709,Gateshead,0.562232550209092
180,E14000710,Gedling,0.562974290756442
181,E14000711,Gillingham and Rainham,0.635820895522388
182,E14000712,Gloucester,0.589001471947421
183,E14000713,Gosport,0.618151926202877
184,E14000714,Grantham and Stamford,0.609959141294924
185,E14000715,Gravesham,0.653772079458537
186,E14000716,Great Grimsby,0.714466295549019
187,E14000717,Great Yarmouth,0.715049473348229
188,E14000718,Greenwich and Woolwich,0.356656796030828
189,E14000719,Guildford,0.412023440091144
190,E14000720,Hackney North and Stoke Newington,0.204807892595174
191,E14000721,Hackney South and Shoreditch,0.227822618450619
192,E14000722,Halesowen and Rowley Regis,0.665898679558596
193,E14000723,Halifax,0.588216533424052
194,E14000724,Haltemprice and Howden,0.552317095791434
195,E14000725,Halton,0.576668683974786
196,E14000726,Hammersmith,0.313136337697922
197,E14000727,Hampstead and Kilburn,0.237253193439836
198,E14000728,Harborough,0.52366402863897
199,E14000729,Harlow,0.677323178849975
200,E14000730,Harrogate and Knaresborough,0.47179355087346
201,E14000731,Harrow East,0.474785845400775
202,E14000732,Harrow West,0.450562431679537
203,E14000733,Hartlepool,0.695683297180043
204,E14000734,Harwich and North Essex,0.589955844809284
205,E14000735,Hastings and Rye,0.559372393591001
206,E14000736,Havant,0.626179080363384
207,E14000737,Hayes and Harlington,0.582450012880921
208,E14000738,Hazel Grove,0.522085915257076
209,E14000739,Hemel Hempstead,0.554865619881102
210,E14000740,Hemsworth,0.681255455916197
211,E14000741,Hendon,0.415741752482545
212,E14000742,Henley,0.430858201771036
213,E14000743,Hereford and South Herefordshire,0.604175581548774
214,E14000744,Hertford and Stortford,0.492372345342208
215,E14000745,Hertsmere,0.508365256124722
216,E14000746,Hexham,0.453367357454068
217,E14000747,Heywood and Middleton,0.62425611637646
218,E14000748,High Peak,0.505480276475845
219,E14000749,Hitchin and Harpenden,0.397935195383781
220,E14000750,Holborn and St Pancras,0.266587436332767
221,E14000751,Hornchurch and Upminster,0.694946936806561
222,E14000752,Hornsey and Wood Green,0.249829100278698
223,E14000753,Horsham,0.494864100583074
224,E14000754,Houghton and Sunderland South,0.624341857841294
225,E14000755,Hove,0.329468447691154
226,E14000756,Huddersfield,0.518508415752316
227,E14000757,Huntingdon,0.534889703068338
228,E14000758,Hyndburn,0.658191277758338
229,E14000759,Ilford North,0.533092042414883
230,E14000760,Ilford South,0.433097998595162
231,E14000761,Ipswich,0.565157234660277
232,E14000762,Isle of Wight,0.619463340891912
233,E14000763,Islington North,0.216111236208061
234,E14000764,Islington South and Finsbury,0.282831001076426
235,E14000765,Jarrow,0.617773493965728
236,E14000766,Keighley,0.533250952528061
237,E14000767,Kenilworth and Southam,0.462056819397481
238,E14000768,Kensington,0.312045861328518
239,E14000769,Kettering,0.609883688574768
240,E14000770,Kingston and Surbiton,0.408444530979474
241,E14000771,Kingston upon Hull East,0.728315630106406
242,E14000772,Kingston upon Hull North,0.597896656732435
243,E14000773,Kingston upon Hull West and Hessle,0.679906800890287
244,E14000774,Kingswood,0.571216387028819
245,E14000775,Knowsley,0.523421607445293
246,E14000776,Lancaster and Fleetwood,0.519890841582547
247,E14000777,Leeds Central,0.459609679925867
248,E14000778,Leeds East,0.614443480479526
249,E14000779,Leeds North East,0.374228475455127
250,E14000780,Leeds North West,0.354060965239651
251,E14000781,Leeds West,0.532661380629891
252,E14000782,Leicester East,0.540619990976603
253,E14000783,Leicester South,0.424353546975286
254,E14000784,Leicester West,0.508359918794888
255,E14000785,Leigh,0.632878009190898
256,E14000786,Lewes,0.471421737982866
257,E14000787,Lewisham East,0.353705045523399
258,E14000788,Lewisham West and Penge,0.345920578145317
259,E14000789,"Lewisham, Deptford",0.244262123213867
260,E14000790,Leyton and Wanstead,0.34755181995239
261,E14000791,Lichfield,0.575089022438285
262,E14000792,Lincoln,0.574326337326495
263,E14000793,"Liverpool, Riverside",0.273006619622597
264,E14000794,"Liverpool, Walton",0.521680356359496
265,E14000795,"Liverpool, Wavertree",0.352616254440963
266,E14000796,"Liverpool, West Derby",0.498207197642334
267,E14000797,Loughborough,0.500904207157241
268,E14000798,Louth and Horncastle,0.688994300098147
269,E14000799,Ludlow,0.578840183793145
270,E14000800,Luton North,0.591531960985555
271,E14000801,Luton South,0.545971778114179
272,E14000802,Macclesfield,0.471837971643738
273,E14000803,Maidenhead,0.45025701050439
274,E14000804,Maidstone and The Weald,0.559171964659896
275,E14000805,Makerfield,0.649100879491796
276,E14000806,Maldon,0.609560321366281
277,E14000807,Manchester Central,0.363565762931178
278,E14000808,"Manchester, Gorton",0.382121840100112
279,E14000809,"Manchester, Withington",0.249385985512587
280,E14000810,Mansfield,0.708629135311657
281,E14000811,Meon Valley,0.519275309228784
282,E14000812,Meriden,0.588084346758898
283,E14000813,Mid Bedfordshire,0.528804536274668
284,E14000814,Mid Derbyshire,0.524707074745359
285,E14000815,Mid Dorset and North Poole,0.570831647686191
286,E14000816,Mid Norfolk,0.60598128340884
287,E14000817,Mid Sussex,0.464405927478159
288,E14000818,Mid Worcestershire,0.59386528239236
289,E14000819,Middlesbrough,0.660836466384887
290,E14000820,Middlesbrough South and East Cleveland,0.652655298468746
291,E14000821,Milton Keynes North,0.496650905096441
292,E14000822,Milton Keynes South,0.53081404040062
293,E14000823,Mitcham and Morden,0.446865238066814
294,E14000824,Mole Valley,0.473113276077087
295,E14000825,Morecambe and Lunesdale,0.581856205500148
296,E14000826,Morley and Outwood,0.598172773695397
297,E14000827,New Forest East,0.601781451387881
298,E14000828,New Forest West,0.552576564971579
299,E14000829,Newark,0.557006958960658
300,E14000830,Newbury,0.478055628333158
301,E14000831,Newcastle upon Tyne Central,0.480030797722452
302,E14000832,Newcastle upon Tyne East,0.410712554317956
303,E14000833,Newcastle upon Tyne North,0.568289241048913
304,E14000834,Newcastle-under-Lyme,0.6164498628912
305,E14000835,Newton Abbot,0.560133703423566
306,E14000836,"Normanton, Pontefract and Castleford",0.692552828902522
307,E14000837,North Cornwall,0.601925002629014
308,E14000838,North Devon,0.570384794334063
309,E14000839,North Dorset,0.566086028385607
310,E14000840,North Durham,0.603048719870295
311,E14000841,North East Bedfordshire,0.534376054880248
312,E14000842,North East Cambridgeshire,0.693543226974836
313,E14000843,North East Derbyshire,0.620516722714117
314,E14000844,North East Hampshire,0.461789135819614
315,E14000845,North East Hertfordshire,0.514300731765148
316,E14000846,North East Somerset,0.51634507502326
317,E14000847,North Herefordshire,0.580189342917228
318,E14000848,North Norfolk,0.584002867179025
319,E14000849,North Shropshire,0.598481185490449
320,E14000850,North Somerset,0.47583699138769
321,E14000851,North Swindon,0.572856138371489
322,E14000852,North Thanet,0.651825616168996
323,E14000853,North Tyneside,0.595207188160218
324,E14000854,North Warwickshire,0.677630300370566
325,E14000855,North West Cambridgeshire,0.569340970160263
326,E14000856,North West Durham,0.550462004323399
327,E14000857,North West Hampshire,0.547548756096247
328,E14000858,North West Leicestershire,0.606984777212685
329,E14000859,North West Norfolk,0.657782861188355
330,E14000860,North Wiltshire,0.503021498297018
331,E14000861,Northampton North,0.602712900495922
332,E14000862,Northampton South,0.589952188061823
333,E14000863,Norwich North,0.567266215651658
334,E14000864,Norwich South,0.405303001269367
335,E14000865,Nottingham East,0.4287932214094
336,E14000866,Nottingham North,0.638080560054334
337,E14000867,Nottingham South,0.464677648331343
338,E14000868,Nuneaton,0.645059931149851
339,E14000869,Old Bexley and Sidcup,0.624304876136017
340,E14000870,Oldham East and Saddleworth,0.599204344531447
341,E14000871,Oldham West and Royton,0.613082972370579
342,E14000872,Orpington,0.575414984297891
343,E14000873,Oxford East,0.325263374805902
344,E14000874,Oxford West and Abingdon,0.380292409608023
345,E14000875,Pendle,0.631542957979486
346,E14000876,Penistone and Stocksbridge,0.606512766260043
347,E14000877,Penrith and The Border,0.552024096435006
348,E14000878,Peterborough,0.613095947303025
349,E14000879,"Plymouth, Moor View",0.664402400400067
350,E14000880,"Plymouth, Sutton and Devonport",0.544052353190997
351,E14000881,Poole,0.57419315102933
352,E14000882,Poplar and Limehouse,0.342076369930748
353,E14000883,Portsmouth North,0.636934144568171
354,E14000884,Portsmouth South,0.517630343996211
355,E14000885,Preston,0.556726597310689
356,E14000886,Pudsey,0.485843638669503
357,E14000887,Putney,0.277642330651319
358,E14000888,Rayleigh and Wickford,0.676526737230368
359,E14000889,Reading East,0.382533265405169
360,E14000890,Reading West,0.515101461932232
361,E14000891,Redcar,0.676748837970084
362,E14000892,Redditch,0.609899582300371
363,E14000893,Reigate,0.479769786944781
364,E14000894,Ribble Valley,0.587308918122634
365,E14000895,Richmond (Yorks),0.547104369444158
366,E14000896,Richmond Park,0.286856312956385
367,E14000897,Rochdale,0.574500358716819
368,E14000898,Rochester and Strood,0.636881229937489
369,E14000899,Rochford and Southend East,0.609203445309182
370,E14000900,Romford,0.692856491611962
371,E14000901,Romsey and Southampton North,0.460755864538795
372,E14000902,Rossendale and Darwen,0.589357362015432
373,E14000903,Rother Valley,0.667219886405547
374,E14000904,Rotherham,0.683459631396763
375,E14000905,Rugby,0.586175817557736
376,E14000906,"Ruislip, Northwood and Pinner",0.495438455316018
377,E14000907,Runnymede and Weybridge,0.498469717243646
378,E14000908,Rushcliffe,0.414661238086865
379,E14000909,Rutland and Melton,0.538778693523269
380,E14000910,Saffron Walden,0.512395334620756
381,E14000911,Salford and Eccles,0.535934574834959
382,E14000912,Salisbury,0.499081401213545
383,E14000913,Scarborough and Whitby,0.613182900070891
384,E14000914,Scunthorpe,0.686755472400156
385,E14000915,Sedgefield,0.594357505572924
386,E14000916,Sefton Central,0.440885873129172
387,E14000917,Selby and Ainsty,0.576526007952746
388,E14000918,Sevenoaks,0.540405141992989
389,E14000919,Sheffield Central,0.319119725676105
390,E14000920,Sheffield South East,0.663178180598074
391,E14000921,"Sheffield, Brightside and Hillsborough",0.599736792430975
392,E14000922,"Sheffield, Hallam",0.340060651389395
393,E14000923,"Sheffield, Heeley",0.571613100912301
394,E14000924,Sherwood,0.636577392427067
395,E14000925,Shipley,0.522113445171447
396,E14000926,Shrewsbury and Atcham,0.529205779260744
397,E14000927,Sittingbourne and Sheppey,0.653644887632733
398,E14000928,Skipton and Ripon,0.531871440536764
399,E14000929,Sleaford and North Hykeham,0.615831666534774
400,E14000930,Slough,0.540569149813877
401,E14000931,Solihull,0.533483085341755
402,E14000932,Somerton and Frome,0.50328143787612
403,E14000933,South Basildon and East Thurrock,0.729955716864463
404,E14000934,South Cambridgeshire,0.384889636992817
405,E14000935,South Derbyshire,0.603510009701032
406,E14000936,South Dorset,0.594456091121984
407,E14000937,South East Cambridgeshire,0.453048187645978
408,E14000938,South East Cornwall,0.550987057946297
409,E14000939,South Holland and The Deepings,0.710714432028519
410,E14000940,South Leicestershire,0.581420531789429
411,E14000941,South Norfolk,0.508843533783261
412,E14000942,South Northamptonshire,0.533380204467292
413,E14000943,South Ribble,0.566389437345892
414,E14000944,South Shields,0.620525326651154
415,E14000945,South Staffordshire,0.652428171878973
416,E14000946,South Suffolk,0.540262006616034
417,E14000947,South Swindon,0.516530940854338
418,E14000948,South Thanet,0.616910470293942
419,E14000949,South West Bedfordshire,0.580834155008965
420,E14000950,South West Devon,0.550762027679613
421,E14000951,South West Hertfordshire,0.461954800961345
422,E14000952,South West Norfolk,0.666739568892098
423,E14000953,South West Surrey,0.407497131414152
424,E14000954,South West Wiltshire,0.568813672773195
425,E14000955,"Southampton, Itchen",0.602947341493437
426,E14000956,"Southampton, Test",0.494121811873658
427,E14000957,Southend West,0.550745809626326
428,E14000958,Southport,0.462928365618124
429,E14000959,Spelthorne,0.60299599003692
430,E14000960,St Albans,0.378322809863408
431,E14000961,St Austell and Newquay,0.640636336876798
432,E14000962,St Helens North,0.583928578017417
433,E14000963,St Helens South and Whiston,0.560537410503305
434,E14000964,St Ives,0.547660453982443
435,E14000965,Stafford,0.574625082653803
436,E14000966,Staffordshire Moorlands,0.646904324576426
437,E14000967,Stalybridge and Hyde,0.592907293006388
438,E14000968,Stevenage,0.570369085553126
439,E14000969,Stockport,0.467893217893218
440,E14000970,Stockton North,0.663249694058471
441,E14000971,Stockton South,0.577643916621546
442,E14000972,Stoke-on-Trent Central,0.648466477618207
443,E14000973,Stoke-on-Trent North,0.721235856109345
444,E14000974,Stoke-on-Trent South,0.711074062231915
445,E14000975,Stone,0.575352221672163
446,E14000976,Stourbridge,0.636639832804397
447,E14000977,Stratford-on-Avon,0.510016675494647
448,E14000978,Streatham,0.205396740582421
449,E14000979,Stretford and Urmston,0.48905485462597
450,E14000980,Stroud,0.458621590856161
451,E14000981,Suffolk Coastal,0.55212575681885
452,E14000982,Sunderland Central,0.599381652937149
453,E14000983,Surrey Heath,0.518515539802208
454,E14000984,Sutton and Cheam,0.512838787539876
455,E14000985,Sutton Coldfield,0.516743768556238
456,E14000986,Tamworth,0.659923586500407
457,E14000987,Tatton,0.456315581599012
458,E14000988,Taunton Deane,0.529247105715546
459,E14000989,Telford,0.661910340191153
460,E14000990,Tewkesbury,0.536487466699148
461,E14000991,The Cotswolds,0.479241837985804
462,E14000992,The Wrekin,0.593223131989867
463,E14000993,Thirsk and Malton,0.564327810498029
464,E14000994,Thornbury and Yate,0.521900806002876
465,E14000995,Thurrock,0.702553096893513
466,E14000996,Tiverton and Honiton,0.578205267999875
467,E14000997,Tonbridge and Malling,0.528574319097942
468,E14000998,Tooting,0.255875840905667
469,E14000999,Torbay,0.624536680145909
470,E14001000,Torridge and West Devon,0.571897603968986
471,E14001001,Totnes,0.538913635814107
472,E14001002,Tottenham,0.237770263346654
473,E14001003,Truro and Falmouth,0.458503698706393
474,E14001004,Tunbridge Wells,0.446463371914928
475,E14001005,Twickenham,0.333158576924501
476,E14001006,Tynemouth,0.476370040867418
477,E14001007,Uxbridge and South Ruislip,0.571873735985338
478,E14001008,Vauxhall,0.224283961915146
479,E14001009,Wakefield,0.627650672490152
480,E14001010,Wallasey,0.499231196343911
481,E14001011,Walsall North,0.741852181656278
482,E14001012,Walsall South,0.616352758697097
483,E14001013,Walthamstow,0.334885855225422
484,E14001014,Wansbeck,0.562899070087915
485,E14001015,Wantage,0.464596510093903
486,E14001016,Warley,0.616275351059339
487,E14001017,Warrington North,0.580743910535853
488,E14001018,Warrington South,0.511100543360629
489,E14001019,Warwick and Leamington,0.416402739879688
490,E14001020,Washington and Sunderland West,0.61851332398317
491,E14001021,Watford,0.511519778771061
492,E14001022,Waveney,0.634142190473547
493,E14001023,Wealden,0.527748348914654
494,E14001024,Weaver Vale,0.505528369601839
495,E14001025,Wellingborough,0.630196654338057
496,E14001026,Wells,0.536303481758842
497,E14001027,Welwyn Hatfield,0.528225561078146
498,E14001028,Wentworth and Dearne,0.702792953575447
499,E14001029,West Bromwich East,0.681750179348801
500,E14001030,West Bromwich West,0.686708936341318
501,E14001031,West Dorset,0.510392985953723
502,E14001032,West Ham,0.47965018437205
503,E14001033,West Lancashire,0.549508129245902
504,E14001034,West Suffolk,0.632487002597388
505,E14001035,West Worcestershire,0.525193923557329
506,E14001036,Westminster North,0.336548027692077
507,E14001037,Westmorland and Lonsdale,0.470561735907573
508,E14001038,Weston-Super-Mare,0.57201446023829
509,E14001039,Wigan,0.629588906859594
510,E14001040,Wimbledon,0.293693946750667
511,E14001041,Winchester,0.396373785898429
512,E14001042,Windsor,0.466590770352315
513,E14001043,Wirral South,0.465489416442521
514,E14001044,Wirral West,0.44690199582961
515,E14001045,Witham,0.604684297479297
516,E14001046,Witney,0.463446574591524
517,E14001047,Woking,0.442519335681401
518,E14001048,Wokingham,0.426940889212006
519,E14001049,Wolverhampton North East,0.677052519276466
520,E14001050,Wolverhampton South East,0.681449563049214
521,E14001051,Wolverhampton South West,0.543675020786317
522,E14001052,Worcester,0.53677243312008
523,E14001053,Workington,0.610101839667018
524,E14001054,Worsley and Eccles South,0.597911332432814
525,E14001055,Worthing West,0.560165191154021
526,E14001056,Wycombe,0.484619160690372
527,E14001057,Wyre and Preston North,0.541988663048279
528,E14001058,Wyre Forest,0.631454747362576
529,E14001059,Wythenshawe and Sale East,0.496480991713921
530,E14001060,Yeovil,0.598655445578102
531,E14001061,York Central,0.388206766953014
532,E14001062,York Outer,0.446677162004099
533,S14000001,Aberdeen North,0.43092208743284
534,S14000002,Aberdeen South,0.321431052039419
535,S14000003,Airdrie and Shotts,0.398381265715286
536,S14000004,Angus,0.482443342037188
537,S14000005,Argyll and Bute,0.394323969114506
538,S14000006,"Ayr, Carrick and Cumnock",0.441115508529055
539,S14000007,Banff and Buchan,0.613773462783172
540,S14000008,"Berwickshire, Roxburgh and Selkirk",0.432586813490559
541,S14000009,"Caithness, Sutherland and Easter Ross",0.513393910019833
542,S14000010,Central Ayrshire,0.416221327908465
543,S14000011,"Coatbridge, Chryston and Bellshill",0.387765474855277
544,S14000012,"Cumbernauld, Kilsyth and Kirkintilloch East",0.369891249418279
545,S14000013,Dumfries and Galloway,0.451108539473908
546,S14000014,"Dumfriesshire, Clydesdale and Tweeddale",0.44645166776346
547,S14000015,Dundee East,0.384116703774317
548,S14000016,Dundee West,0.407456333897226
549,S14000017,Dunfermline and West Fife,0.393928374250613
550,S14000018,East Dunbartonshire,0.268681962643677
551,S14000019,"East Kilbride, Strathaven and Lesmahagow",0.369324130993512
552,S14000020,East Lothian,0.353955957248404
553,S14000021,East Renfrewshire,0.256814189380631
554,S14000022,Edinburgh East,0.276367853731751
555,S14000023,Edinburgh North and Leith,0.217955234606419
556,S14000024,Edinburgh South,0.221533873745222
557,S14000025,Edinburgh South West,0.278616464785091
558,S14000026,Edinburgh West,0.287660196357641
559,S14000027,Na h-Eileanan an Iar,0.439006772009029
560,S14000028,Falkirk,0.421058822813411
561,S14000029,Glasgow Central,0.287506085163655
562,S14000030,Glasgow East,0.438373141054529
563,S14000031,Glasgow North,0.216204742555643
564,S14000032,Glasgow North East,0.406576166997503
565,S14000033,Glasgow North West,0.314928529569139
566,S14000034,Glasgow South,0.281918886336237
567,S14000035,Glasgow South West,0.408643670270579
568,S14000036,Glenrothes,0.476138883937876
569,S14000037,Gordon,0.388188652429218
570,S14000038,Inverclyde,0.362034213654452
571,S14000039,"Inverness, Nairn, Badenoch and Strathspey",0.401324389035448
572,S14000040,Kilmarnock and Loudoun,0.394546665336361
573,S14000041,Kirkcaldy and Cowdenbeath,0.432614539544576
574,S14000042,Lanark and Hamilton East,0.359562057303685
575,S14000043,Linlithgow and East Falkirk,0.420183030449022
576,S14000044,Livingston,0.432609028618099
577,S14000045,Midlothian,0.37940969473036
578,S14000046,Moray,0.498731966906415
579,S14000047,Motherwell and Wishaw,0.377103560874657
580,S14000048,North Ayrshire and Arran,0.423965875439873
581,S14000049,North East Fife,0.363147835304435
582,S14000050,Ochil and South Perthshire,0.395023841043201
583,S14000051,Orkney and Shetland,0.402813082528385
584,S14000052,Paisley and Renfrewshire North,0.355479442946821
585,S14000053,Paisley and Renfrewshire South,0.347952793063509
586,S14000054,Perth and North Perthshire,0.399016464405507
587,S14000055,"Ross, Skye and Lochaber",0.434930293691907
588,S14000056,Rutherglen and Hamilton West,0.375699017920859
589,S14000057,Stirling,0.321961127108186
590,S14000058,West Aberdeenshire and Kincardine,0.385194827365456
591,S14000059,West Dunbartonshire,0.380055529847293
592,W07000041,Ynys MÃ´n,0.509420041632632
593,W07000042,Delyn,0.544088866217274
594,W07000043,Alyn and Deeside,0.580533687545398
595,W07000044,Wrexham,0.575742545558982
596,W07000045,Llanelli,0.566745967157835
597,W07000046,Gower,0.493087326916721
598,W07000047,Swansea West,0.434007847508415
599,W07000048,Swansea East,0.617925536795059
600,W07000049,Aberavon,0.601244839853534
601,W07000050,Cardiff Central,0.320145784505486
602,W07000051,Cardiff North,0.391478543851944
603,W07000052,Rhondda,0.604499007783024
604,W07000053,Torfaen,0.60775216464569
605,W07000054,Monmouth,0.480645082736606
606,W07000055,Newport East,0.593309311987416
607,W07000056,Newport West,0.536570798053209
608,W07000057,Arfon,0.358454429802843
609,W07000058,Aberconwy,0.521971173050351
610,W07000059,Clwyd West,0.530131181204618
611,W07000060,Vale of Clwyd,0.565590816832594
612,W07000061,Dwyfor Meirionnydd,0.474282288357673
613,W07000062,Clwyd South,0.598838562992036
614,W07000063,Montgomeryshire,0.558429442225798
615,W07000064,Ceredigion,0.453701373861406
616,W07000065,Preseli Pembrokeshire,0.553168878025589
617,W07000066,Carmarthen West and South Pembrokeshire,0.551631174243704
618,W07000067,Carmarthen East and Dinefwr,0.532082358759969
619,W07000068,Brecon and Radnorshire,0.518550864472741
620,W07000069,Neath,0.540154050246233
621,W07000070,Cynon Valley,0.567322317266998
622,W07000071,Merthyr Tydfil and Rhymney,0.583543388280416
623,W07000072,Blaenau Gwent,0.620280443652664
624,W07000073,Bridgend,0.502766239240133
625,W07000074,Ogmore,0.58902450836203
626,W07000075,Pontypridd,0.465109785516473
627,W07000076,Caerphilly,0.551359712976067
628,W07000077,Islwyn,0.58939916968506
629,W07000078,Vale of Glamorgan,0.525506700894069
630,W07000079,Cardiff West,0.438226362010485
631,W07000080,Cardiff South and Penarth,0.428171978581783
